period,breach_rate,coverage_error,cvar,rmse,mae,pinball,brier,kupiec_LR,kupiec_p,christoffersen_ind_LR,christoffersen_ind_p,christoffersen_cc_LR,christoffersen_cc_p,model
1987,0.003952569169960474,-0.04604743083003953,-0.2046693116426468,0.1862567514181137,0.1848943680524826,0.009356020018458366,0.006057312252964426,18.780463728065595,1.4666177877982488e-05,0.007968148369535775,0.9288717178366275,18.69378181642608,8.723622332411924e-05,Transformer
1987,0.06324110671936758,0.013241106719367582,-0.03437045216560364,0.03704055012900453,0.02619414332076478,0.0022710257831080557,0.059416996047430816,0.8647190070266422,0.35242147172901084,10.376310057693816,0.0012764254305101844,11.269368740349005,0.003571804423328331,GARCH
1987,0.015810276679841896,-0.03418972332015811,-0.09520743042230606,0.0410182885825634,0.037132784724235535,0.002697663614526391,0.016729249011857704,8.396734825690384,0.00375895595197708,4.130104763110296,0.04212674277043283,12.456189848800276,0.001973207427542402,LSTM
