period,breach_rate,coverage_error,cvar,rmse,mae,pinball,brier,kupiec_LR,kupiec_p,christoffersen_ind_LR,christoffersen_ind_p,christoffersen_cc_LR,christoffersen_cc_p,model
1987,0.233201581027668,0.18320158102766798,-0.004715593531727791,0.23065616190433502,0.18639704585075378,0.045447226613759995,0.21238142292490125,98.58150930306154,3.119181467320922e-23,175.4518990212356,4.770064579513344e-40,274.46309012660436,2.518240683751131e-60,Transformer
1987,0.06324110671936758,0.013241106719367582,-0.03437045216560364,0.03704055012900453,0.02619414332076478,0.0022710257831080557,0.059416996047430816,0.8647190070266422,0.35242147172901084,10.376310057693816,0.0012764254305101844,11.269368740349005,0.003571804423328331,GARCH
1987,0.011857707509881422,-0.03814229249011858,-0.11301853507757187,0.057328928261995316,0.05103082209825516,0.0032864969689399004,0.013171936758893278,11.04809220210585,0.0008877850678828507,5.4488435015915275,0.019581285158079387,16.418253813591384,0.00027215823709503305,LSTM
