period,breach_rate,coverage_error,cvar,rmse,mae,pinball,brier,kupiec_LR,kupiec_p,christoffersen_ind_LR,christoffersen_ind_p,christoffersen_cc_LR,christoffersen_cc_p,model
2020,0.09090909090909091,0.04090909090909091,-0.043458566069602966,0.032026614993810654,0.027555791661143303,0.003179976250976324,0.0843181818181818,7.252734743042356,0.007079311700319364,0.42340992221100654,0.5152404448878827,7.764574790018047,0.020603642570466745,Transformer
2020,0.05928853754940711,0.00928853754940711,-0.042718902230262756,0.04084448970091264,0.0303070724666532,0.0025230917209376176,0.05585968379446638,0.43484173965682565,0.5096226936193818,1.1956207848179352,0.2741987023450939,1.6503633564977689,0.4381553819308883,GARCH
2020,0.07905138339920949,0.029051383399209485,-0.045575857162475586,0.037216369062662125,0.031431954354047775,0.0032908357679843903,0.07364624505928853,3.850095134409079,0.0497431691735446,1.225930537828748,0.2681999137853055,5.138481365381995,0.0765936822576646,LSTM
