model,n_periods,coverage_error_mean,coverage_error_std,breach_rate_mean,breach_rate_std,cvar_mean,cvar_std,pinball_mean,pinball_std,rmse_mean,rmse_std,mae_mean,mae_std,kupiec_pass_rate,christoffersen_cc_pass_rate
GARCH,72,0.022992240468635666,0.012384642097721466,0.07299224046863567,0.012384642097721481,-0.030053229769691776,0.007659304422732471,0.0018628529640031999,0.000503461482331486,0.030853665008491207,0.008572965112201472,0.02415338682908345,0.005302147458724147,0.625,0.5
LSTM,69,0.023158926396199864,0.051758516881879414,0.07315892639619982,0.05175851688187944,-0.03591415298081209,0.01727721242367478,0.006364561075790047,0.008446984500851525,0.13260787517588207,0.20010319095731677,0.10858262773009311,0.17716306359192474,0.18840579710144928,0.2028985507246377
Transformer,72,0.09300942694206943,0.23014843064680102,0.14300942694206942,0.23014843064680104,-0.026983097209787397,0.03224352994804996,0.023989508140301794,0.04922490545852873,0.19261315040704277,0.28087928181615246,0.17205849434766501,0.2501260340055104,0.16666666666666666,0.125
