period,breach_rate,coverage_error,cvar,rmse,mae,pinball,brier,kupiec_LR,kupiec_p,christoffersen_ind_LR,christoffersen_ind_p,christoffersen_cc_LR,christoffersen_cc_p,model
2022,0.11155378486055777,0.061553784860557764,-0.025840958580374718,0.0251526590436697,0.021367289125919342,0.0019734767265617847,0.10289840637450197,15.06250381273992,0.00010400894902164948,0.007564030512448602,0.9306942175879095,15.204545247588682,0.0004993153869971074,Transformer
2022,0.08764940239043825,0.03764940239043825,-0.028314417228102684,0.027694726213873606,0.023686571282074586,0.0016860107615197751,0.0813844621513944,6.177718997325899,0.012936894760989028,0.6409746097717747,0.4233580970834496,6.8999527067381266,0.03174638706429078,GARCH
2022,0.09163346613545817,0.041633466135458166,-0.028442712500691414,0.026021642610430717,0.02242577262222767,0.0017881421372294426,0.08497011952191233,7.430392116017,0.006413136597597972,0.40621122071852894,0.5238988314340365,7.926634394324572,0.01899998295042245,LSTM
