period,breach_rate,coverage_error,cvar,rmse,mae,pinball,brier,kupiec_LR,kupiec_p,christoffersen_ind_LR,christoffersen_ind_p,christoffersen_cc_LR,christoffersen_cc_p,model
2008,0.019762845849802372,-0.03023715415019763,-0.0822005644440651,0.06733152270317078,0.06286966800689697,0.0034457799047231674,0.020286561264822138,6.2587526778119225,0.012358118320105084,0.20244297615212942,0.6527561302987333,6.398610451946396,0.040790534339425484,Transformer
2008,0.08695652173913043,0.03695652173913043,-0.03991568461060524,0.04530758868565253,0.03342503613983382,0.002612283715966144,0.08076086956521739,6.017490956133272,0.014164770587040782,4.215137047765893,0.040064829678867736,10.312362449093172,0.005763667866552731,GARCH
2008,0.1225296442687747,0.0725296442687747,-0.044988036155700684,0.035847414284944534,0.028836145997047424,0.003705669194459915,0.1127766798418972,20.310506601665818,6.583805808144768e-06,0.44826552634210814,0.5031597811198321,20.918163249155363,2.868656610987092e-05,LSTM
