period,breach_rate,coverage_error,cvar,rmse,mae,pinball,brier,kupiec_LR,kupiec_p,christoffersen_ind_LR,christoffersen_ind_p,christoffersen_cc_LR,christoffersen_cc_p,model
2015,0.003968253968253968,-0.046031746031746035,-0.0394136942923069,0.033746447414159775,0.03222562372684479,0.0016355045372620225,0.006071428571428572,18.685813668056543,1.5412491730805425e-05,0.008000021133466461,0.9287299806793413,18.599195248984444,9.14610257517984e-05,Transformer
2015,0.07539682539682539,0.02539682539682539,-0.018854843452572823,0.018603151420798592,0.015674388035093405,0.0011248325950111964,0.07035714285714284,2.9808420438341012,0.08425542783866861,0.2331803341278893,0.6291756203354034,3.2685415423400395,0.1950945880367771,GARCH
2015,0.023809523809523808,-0.026190476190476195,-0.028078926727175713,0.1518205851316452,0.07792238146066666,0.0040858411230146885,0.023928571428571424,4.4770573250245755,0.03435282064483154,8.167522291503488,0.004264712499457999,12.590285177548544,0.0018452461628801291,LSTM
