period,breach_rate,coverage_error,cvar,rmse,mae,pinball,brier,kupiec_LR,kupiec_p,christoffersen_ind_LR,christoffersen_ind_p,christoffersen_cc_LR,christoffersen_cc_p,model
2008,0.08300395256916997,0.033003952569169964,-0.045565832406282425,0.05275388062000275,0.04702078923583031,0.004938655067235231,0.07720355731225298,4.881845626517456,0.027140584020631495,12.203814796640946,0.0004769189173351528,17.156736832651948,0.00018813167971026154,Transformer
2008,0.08695652173913043,0.03695652173913043,-0.03991568461060524,0.04530758868565253,0.03342503613983382,0.002612283715966144,0.08076086956521739,6.017490956133272,0.014164770587040782,4.215137047765893,0.040064829678867736,10.312362449093172,0.005763667866552731,GARCH
2008,0.10276679841897234,0.05276679841897233,-0.044858869165182114,0.04812849313020706,0.036909427493810654,0.0034603134263306856,0.09499011857707507,11.518480494304155,0.0006890769236880362,0.045349897832832005,0.8313619418239463,11.678576728246174,0.002910913399316373,LSTM
