period,breach_rate,coverage_error,cvar,rmse,mae,pinball,brier,kupiec_LR,kupiec_p,christoffersen_ind_LR,christoffersen_ind_p,christoffersen_cc_LR,christoffersen_cc_p,model
2008,0.003952569169960474,-0.04604743083003953,-0.08929524570703506,0.09508835524320602,0.09040210396051407,0.004595217294991016,0.006057312252964426,18.780463728065595,1.4666177877982488e-05,0.007968148369535775,0.9288717178366275,18.69378181642608,8.723622332411924e-05,Transformer
2008,0.08695652173913043,0.03695652173913043,-0.03991568461060524,0.04530758868565253,0.03342503613983382,0.002612283715966144,0.08076086956521739,6.017490956133272,0.014164770587040782,4.215137047765893,0.040064829678867736,10.312362449093172,0.005763667866552731,GARCH
2008,0.11462450592885376,0.06462450592885376,-0.04476965218782425,0.0371522419154644,0.029192375019192696,0.0031583155505359173,0.10566205533596834,16.55737582590224,4.720004178190022e-05,0.044706493910710826,0.8325446472903315,16.743495761560833,0.0002313108963246669,LSTM
