period,breach_rate,coverage_error,cvar,rmse,mae,pinball,brier,kupiec_LR,kupiec_p,christoffersen_ind_LR,christoffersen_ind_p,christoffersen_cc_LR,christoffersen_cc_p,model
2011,0.07142857142857142,0.021428571428571422,9.644593228586018e-05,0.19151318073272705,0.1898951232433319,0.019078711047768593,0.06678571428571428,2.16302878722621,0.14136580026797255,116.63371016908934,3.45296919994712e-27,118.84267440335445,1.5618565599267606e-26,Transformer
2011,0.0873015873015873,0.037301587301587294,-0.025271780788898468,0.027250216755475763,0.021748620731991592,0.001655786086424536,0.08107142857142856,6.097225401327278,0.013539430301558034,0.6320102174560288,0.426618910364453,6.809729214781927,0.03321131634437292,GARCH
2011,0.10317460317460317,0.053174603174603166,-0.027452317997813225,0.022900396957993507,0.01937183551490307,0.0018852856010198593,0.09535714285714285,11.633226830413342,0.0006478407004301447,0.23930298133427533,0.6247099921692757,11.988189205490173,0.002493433499822789,LSTM
