period,breach_rate,coverage_error,cvar,rmse,mae,pinball,brier,kupiec_LR,kupiec_p,christoffersen_ind_LR,christoffersen_ind_p,christoffersen_cc_LR,christoffersen_cc_p,model
2020,0.07509881422924901,0.025098814229249006,-0.04411778599023819,0.051598288118839264,0.04282034933567047,0.003289854386821389,0.07008893280632408,2.926970068029087,0.08711083873833211,0.23842720349666668,0.6253443860604265,3.219269247330768,0.19996066162302037,Transformer
2020,0.05928853754940711,0.00928853754940711,-0.042718902230262756,0.04084448970091264,0.0303070724666532,0.0025230917209376176,0.05585968379446638,0.43484173965682565,0.5096226936193818,1.1956207848179352,0.2741987023450939,1.6503633564977689,0.4381553819308883,GARCH
2020,0.1225296442687747,0.0725296442687747,-0.03644707798957825,0.031884368509054184,0.025783810764551163,0.0035654641687870026,0.1127766798418972,20.310506601665818,6.583805808144768e-06,1.4516611438251956,0.2282615948768588,21.92155886663845,1.736976627766209e-05,LSTM
