period,breach_rate,coverage_error,cvar,rmse,mae,pinball,brier,kupiec_LR,kupiec_p,christoffersen_ind_LR,christoffersen_ind_p,christoffersen_cc_LR,christoffersen_cc_p,model
2022,0.099601593625498,0.049601593625498,-0.02779911831021309,0.02450668253004551,0.02075757272541523,0.0018302976386621594,0.0921414342629482,10.21941821120014,0.0013896968134045132,0.11755157883113784,0.7317053219928842,10.44466103520434,0.005394741923776828,Transformer
2022,0.08764940239043825,0.03764940239043825,-0.028314417228102684,0.027694726213873606,0.023686571282074586,0.0016860107615197751,0.0813844621513944,6.177718997325899,0.012936894760989028,0.6409746097717747,0.4233580970834496,6.8999527067381266,0.03174638706429078,GARCH
2022,0.1593625498007968,0.10936254980079681,-0.023791169747710228,0.020429201424121857,0.016599470749497414,0.0021478256676346064,0.1459262948207171,41.12146532772509,1.430565796497639e-10,0.45761907630858,0.49873880819137584,41.82444490272762,8.278224214736823e-10,LSTM
