period,breach_rate,coverage_error,cvar,rmse,mae,pinball,brier,kupiec_LR,kupiec_p,christoffersen_ind_LR,christoffersen_ind_p,christoffersen_cc_LR,christoffersen_cc_p,model
2015,0.03968253968253968,-0.010317460317460322,-0.022584596648812294,0.021505175158381462,0.01917630061507225,0.0012364120921120048,0.0382142857142857,0.6059011686140965,0.43633527975517183,3.8283652570132505,0.050392058610888114,4.412826981113577,0.11009479731403647,Transformer
2015,0.07539682539682539,0.02539682539682539,-0.018854843452572823,0.018603151420798592,0.015674388035093405,0.0011248325950111964,0.07035714285714284,2.9808420438341012,0.08425542783866861,0.2331803341278893,0.6291756203354034,3.2685415423400395,0.1950945880367771,GARCH
2015,0.023809523809523808,-0.026190476190476195,-0.028078926727175713,0.04879342019557953,0.03468315675854683,0.0019433705601841211,0.023928571428571424,4.4770573250245755,0.03435282064483154,8.167522291503488,0.004264712499457999,12.590285177548544,0.0018452461628801291,LSTM
