period,breach_rate,coverage_error,cvar,rmse,mae,pinball,brier,kupiec_LR,kupiec_p,christoffersen_ind_LR,christoffersen_ind_p,christoffersen_cc_LR,christoffersen_cc_p,model
2020,0.011857707509881422,-0.03814229249011858,-0.09697431325912476,0.0913543552160263,0.08881229162216187,0.0046869986690580845,0.013171936758893273,11.04809220210585,0.0008877850678828507,0.07229090503102255,0.7880299696261557,11.041701217030882,0.004002441982493794,Transformer
2020,0.05928853754940711,0.00928853754940711,-0.042718902230262756,0.04084448970091264,0.0303070724666532,0.0025230917209376176,0.05585968379446638,0.43484173965682565,0.5096226936193818,1.1956207848179352,0.2741987023450939,1.6503633564977689,0.4381553819308883,GARCH
2020,0.10276679841897234,0.05276679841897233,-0.03936602547764778,0.03212127462029457,0.026175720617175102,0.003278331132605672,0.09499011857707508,11.518480494304155,0.0006890769236880362,0.045349897832832005,0.8313619418239463,11.678576728246174,0.002910913399316373,LSTM
