period,breach_rate,coverage_error,cvar,rmse,mae,pinball,brier,kupiec_LR,kupiec_p,christoffersen_ind_LR,christoffersen_ind_p,christoffersen_cc_LR,christoffersen_cc_p,model
2008,0.0,-0.05,,0.14968763291835785,0.14689978957176208,0.007344989571720362,0.002500000000000001,25.95440690950059,3.4957650949621474e-07,-0.0,1.0,25.85182037132549,2.434156700453849e-06,Transformer
2008,0.08695652173913043,0.03695652173913043,-0.03991568461060524,0.04530758868565253,0.03342503613983382,0.002612283715966144,0.08076086956521739,6.017490956133272,0.014164770587040782,4.215137047765893,0.040064829678867736,10.312362449093172,0.005763667866552731,GARCH
2008,0.09090909090909091,0.04090909090909091,-0.043146371841430664,0.04825982451438904,0.0352347232401371,0.0033234814181923866,0.08431818181818179,7.252734743042356,0.007079311700319364,0.8347532919866569,0.3609016563487819,8.175918159793698,0.016773431883014916,LSTM
