period,breach_rate,coverage_error,cvar,rmse,mae,pinball,brier,kupiec_LR,kupiec_p,christoffersen_ind_LR,christoffersen_ind_p,christoffersen_cc_LR,christoffersen_cc_p,model
2011,0.015873015873015872,-0.03412698412698413,-0.04048397019505501,0.08378183096647263,0.0768614113330841,0.0040053422562778,0.01678571428571428,8.32608508568998,0.003907978753342115,0.12956031842056367,0.7188883520265628,8.385123673326834,0.015107532225316024,Transformer
2011,0.0873015873015873,0.037301587301587294,-0.025271780788898468,0.027250216755475763,0.021748620731991592,0.001655786086424536,0.08107142857142856,6.097225401327278,0.013539430301558034,0.6320102174560288,0.426618910364453,6.809729214781927,0.03321131634437292,GARCH
2011,0.1111111111111111,0.0611111111111111,-0.026983138173818588,0.022988269105553627,0.0194759052246809,0.0018694595200940967,0.10249999999999998,14.929026899758052,0.00011163211275287791,0.29209300481663875,0.5888823950157172,15.354596817556558,0.00046322465351594376,LSTM
