period,breach_rate,coverage_error,cvar,rmse,mae,pinball,brier,kupiec_LR,kupiec_p,christoffersen_ind_LR,christoffersen_ind_p,christoffersen_cc_LR,christoffersen_cc_p,model
2020,0.003952569169960474,-0.04604743083003953,-0.11984055489301682,0.10680478811264038,0.10444135963916779,0.005298981908708811,0.006057312252964426,18.780463728065595,1.4666177877982488e-05,0.007968148369535775,0.9288717178366275,18.69378181642608,8.723622332411924e-05,Transformer
2020,0.05928853754940711,0.00928853754940711,-0.042718902230262756,0.04084448970091264,0.0303070724666532,0.0025230917209376176,0.05585968379446638,0.43484173965682565,0.5096226936193818,1.1956207848179352,0.2741987023450939,1.6503633564977689,0.4381553819308883,GARCH
2020,0.1067193675889328,0.0567193675889328,-0.03872396796941757,0.03209107369184494,0.02569800615310669,0.003314243396744132,0.0985474308300395,13.116040974270092,0.00029277808288650776,0.0049310784715463915,0.9440172520425315,13.244567975250323,0.0013303888811757724,LSTM
