period,breach_rate,coverage_error,cvar,rmse,mae,pinball,brier,kupiec_LR,kupiec_p,christoffersen_ind_LR,christoffersen_ind_p,christoffersen_cc_LR,christoffersen_cc_p,model
2011,0.626984126984127,0.5769841269841269,-0.0014558285474777222,0.04727728292346001,0.03659769147634506,0.027275310829281807,0.5667857142857142,623.3817271854456,1.3748236887565004e-137,131.44722037129975,1.9766044898934936e-30,756.7053322893169,4.825306226258604e-165,Transformer
2011,0.0873015873015873,0.037301587301587294,-0.025271780788898468,0.027250216755475763,0.021748620731991592,0.001655786086424536,0.08107142857142856,6.097225401327278,0.013539430301558034,0.6320102174560288,0.426618910364453,6.809729214781927,0.03321131634437292,GARCH
2011,0.11904761904761904,0.06904761904761904,-0.02636732906103134,0.022479625418782234,0.01922098733484745,0.0019342339364811778,0.10964285714285711,18.54649946657595,1.6580945137841753e-05,0.06008418605787636,0.8063629304805878,18.758038245015243,8.447802450042839e-05,LSTM
