period,breach_rate,coverage_error,cvar,rmse,mae,pinball,brier,kupiec_LR,kupiec_p,christoffersen_ind_LR,christoffersen_ind_p,christoffersen_cc_LR,christoffersen_cc_p,model
2020,0.13438735177865613,0.08438735177865613,-0.03260260447859764,0.03327781707048416,0.025071583688259125,0.0031456234864890575,0.1234486166007905,26.487109580819634,2.6530254639365845e-07,1.529107134928296,0.21624649733707157,28.20288103375618,7.513152370393142e-07,Transformer
2020,0.05928853754940711,0.00928853754940711,-0.042718902230262756,0.04084448970091264,0.0303070724666532,0.0025230917209376176,0.05585968379446638,0.43484173965682565,0.5096226936193818,1.1956207848179352,0.2741987023450939,1.6503633564977689,0.4381553819308883,GARCH
2020,0.10276679841897234,0.05276679841897233,-0.04010661318898201,0.030993131920695305,0.025949198752641678,0.0033902714494615793,0.09499011857707508,11.518480494304155,0.0006890769236880362,2.0949361492326437,0.14778788571311796,13.728162979645987,0.001044641525909852,LSTM
