period,breach_rate,coverage_error,cvar,rmse,mae,pinball,brier,kupiec_LR,kupiec_p,christoffersen_ind_LR,christoffersen_ind_p,christoffersen_cc_LR,christoffersen_cc_p,model
1998,0.051587301587301584,0.0015873015873015817,0.0002674716815818101,0.18775494396686554,0.15936066210269928,0.0094070415943861,0.04892857142857142,0.013234841157628276,0.9084112138392187,45.61936167828611,1.4361495502941516e-11,45.63615743663038,1.2309327454419145e-10,Transformer
1998,0.05555555555555555,0.00555555555555555,-0.025657132267951965,0.024586304057090037,0.02070056691936047,0.0015512950558875082,0.0525,0.15829757907765749,0.6907287550167276,1.6549717164641156,0.19828360245225035,1.8252335987987733,0.4014722758549073,GARCH
1998,0.0,-0.05,,0.1911989003419876,0.1620434820652008,0.0081021748483181,0.002500000000000001,25.851820320925487,3.686568671972143e-07,-0.0,1.0,25.74923378255039,2.562270211004052e-06,LSTM
