period,breach_rate,coverage_error,cvar,rmse,mae,pinball,brier,kupiec_LR,kupiec_p,christoffersen_ind_LR,christoffersen_ind_p,christoffersen_cc_LR,christoffersen_cc_p,model
2022,0.16334661354581673,0.11334661354581672,-0.023321861401200294,0.021071527153253555,0.017212750390172005,0.0021043051965534687,0.149511952191235,43.71392700113309,3.8005754848377624e-11,0.6732033072871104,0.41193701268616134,44.64201465263152,2.0235301873868371e-10,Transformer
2022,0.08764940239043825,0.03764940239043825,-0.028314417228102684,0.027694726213873606,0.023686571282074586,0.0016860107615197751,0.0813844621513944,6.177718997325899,0.012936894760989028,0.6409746097717747,0.4233580970834496,6.8999527067381266,0.03174638706429078,GARCH
2022,0.1593625498007968,0.10936254980079681,-0.023791169747710228,0.020565487444400787,0.016747010871767998,0.002129792235791683,0.1459262948207171,41.12146532772509,1.430565796497639e-10,0.45761907630858,0.49873880819137584,41.82444490272762,8.278224214736823e-10,LSTM
