period,breach_rate,coverage_error,cvar,rmse,mae,pinball,brier,kupiec_LR,kupiec_p,christoffersen_ind_LR,christoffersen_ind_p,christoffersen_cc_LR,christoffersen_cc_p,model
2015,0.0,-0.05,,0.21184055507183075,0.2047622799873352,0.010238113813102245,0.002500000000000001,25.851820320925487,3.686568671972143e-07,-0.0,1.0,25.74923378255039,2.562270211004052e-06,Transformer
2015,0.07539682539682539,0.02539682539682539,-0.018854843452572823,0.018603151420798592,0.015674388035093405,0.0011248325950111964,0.07035714285714284,2.9808420438341012,0.08425542783866861,0.2331803341278893,0.6291756203354034,3.2685415423400395,0.1950945880367771,GARCH
2015,0.015873015873015872,-0.03412698412698413,-0.03162679821252823,0.07292678952217102,0.049138620495796204,0.0025863994378596544,0.01678571428571428,8.32608508568998,0.003907978753342115,4.12243048489561,0.04231823965892242,12.377993839801881,0.002051883925280627,LSTM
