period,breach_rate,coverage_error,cvar,rmse,mae,pinball,brier,kupiec_LR,kupiec_p,christoffersen_ind_LR,christoffersen_ind_p,christoffersen_cc_LR,christoffersen_cc_p,model
2008,0.16205533596837945,0.11205533596837945,-0.03838836029171944,0.03277888149023056,0.026429491117596626,0.004545634146779776,0.1483498023715415,43.20881188631001,4.9198607291782015e-11,1.0865329538579684,0.29724067284179434,44.54713130772754,2.1218434783206645e-10,Transformer
2008,0.08695652173913043,0.03695652173913043,-0.03991568461060524,0.04530758868565253,0.03342503613983382,0.002612283715966144,0.08076086956521739,6.017490956133272,0.014164770587040782,4.215137047765893,0.040064829678867736,10.312362449093172,0.005763667866552731,GARCH
2008,0.11462450592885376,0.06462450592885376,-0.04476965218782425,0.0371522419154644,0.029192375019192696,0.0031583155505359173,0.10566205533596834,16.55737582590224,4.720004178190022e-05,0.044706493910710826,0.8325446472903315,16.743495761560833,0.0002313108963246669,LSTM
