period,breach_rate,coverage_error,cvar,rmse,mae,pinball,brier,kupiec_LR,kupiec_p,christoffersen_ind_LR,christoffersen_ind_p,christoffersen_cc_LR,christoffersen_cc_p,model
2022,0.11553784860557768,0.06553784860557768,-0.026678606867790222,0.0230941791087389,0.01937171258032322,0.0018794732168316841,0.10648406374501991,16.841234820555982,4.064059115018716e-05,0.05185603710276537,0.8198645399045176,17.036577301470626,0.00019978102809548937,Transformer
2022,0.08764940239043825,0.03764940239043825,-0.028314417228102684,0.027694726213873606,0.023686571282074586,0.0016860107615197751,0.0813844621513944,6.177718997325899,0.012936894760989028,0.6409746097717747,0.4233580970834496,6.8999527067381266,0.03174638706429078,GARCH
2022,0.16334661354581673,0.11334661354581672,-0.023570725694298744,0.020426971837878227,0.016569485887885094,0.002164731500670314,0.149511952191235,43.71392700113309,3.8005754848377624e-11,0.1142917149454373,0.7353100027351537,44.083103060289844,2.6759364659033125e-10,LSTM
