period,breach_rate,coverage_error,cvar,rmse,mae,pinball,brier,kupiec_LR,kupiec_p,christoffersen_ind_LR,christoffersen_ind_p,christoffersen_cc_LR,christoffersen_cc_p,model
2008,0.1857707509881423,0.13577075098814229,-0.020967669785022736,0.046751394867897034,0.036920469254255295,0.004441696684807539,0.16969367588932802,59.83544580767364,1.0312917211974057e-14,52.4949056985434,4.3136583518630023e-13,112.63969601324979,3.4721684704856846e-25,Transformer
2008,0.08695652173913043,0.03695652173913043,-0.03991568461060524,0.04530758868565253,0.03342503613983382,0.002612283715966144,0.08076086956521739,6.017490956133272,0.014164770587040782,4.215137047765893,0.040064829678867736,10.312362449093172,0.005763667866552731,GARCH
2008,0.03557312252964427,-0.014426877470355731,-0.051819808781147,0.0825372040271759,0.05671350285410881,0.0031567662954330444,0.03451581027667983,1.2273636241057346,0.26792036371747574,0.666819164348535,0.4141627940449075,1.864184910471113,0.39372898754333746,LSTM
