period,breach_rate,coverage_error,cvar,rmse,mae,pinball,brier,kupiec_LR,kupiec_p,christoffersen_ind_LR,christoffersen_ind_p,christoffersen_cc_LR,christoffersen_cc_p,model
2008,0.03162055335968379,-0.01837944664031621,-0.005378390662372112,0.12437037378549576,0.10839403420686722,0.006044280249625444,0.030958498023715406,2.057937164431977,0.15141502727682693,38.746093420890006,4.826752774773907e-10,40.76583596308108,1.4054363941895014e-09,Transformer
2008,0.08695652173913043,0.03695652173913043,-0.03991568461060524,0.04530758868565253,0.03342503613983382,0.002612283715966144,0.08076086956521739,6.017490956133272,0.014164770587040782,4.215137047765893,0.040064829678867736,10.312362449093172,0.005763667866552731,GARCH
2008,0.10276679841897234,0.05276679841897233,-0.04040273278951645,0.04251864552497864,0.03143445774912834,0.002767615718767047,0.0949901185770751,11.518480494304155,0.0006890769236880362,5.995567377625588,0.014341867731054461,17.62879420803893,0.00014857850235400628,LSTM
