period,breach_rate,coverage_error,cvar,rmse,mae,pinball,brier,kupiec_LR,kupiec_p,christoffersen_ind_LR,christoffersen_ind_p,christoffersen_cc_LR,christoffersen_cc_p,model
2015,0.011904761904761904,-0.0380952380952381,-0.03361370041966438,0.0369245745241642,0.03439179062843323,0.001779677695594728,0.013214285714285713,10.969410311999859,0.0009262823124654018,5.441004907677939,0.019669349978219012,16.331828950911284,0.00028417665871608843,Transformer
2015,0.07539682539682539,0.02539682539682539,-0.018854843452572823,0.018603151420798592,0.015674388035093405,0.0011248325950111964,0.07035714285714284,2.9808420438341012,0.08425542783866861,0.2331803341278893,0.6291756203354034,3.2685415423400395,0.1950945880367771,GARCH
2015,0.003968253968253968,-0.046031746031746035,-0.020866194739937782,0.3485293686389923,0.18203358352184296,0.009110047481954098,0.0060714285714285705,18.685813668056543,1.5412491730805425e-05,0.008000021133466461,0.9287299806793413,18.599195248984444,9.14610257517984e-05,LSTM
