period,breach_rate,coverage_error,cvar,rmse,mae,pinball,brier,kupiec_LR,kupiec_p,christoffersen_ind_LR,christoffersen_ind_p,christoffersen_cc_LR,christoffersen_cc_p,model
2008,0.15810276679841898,0.10810276679841897,-0.036939240992069244,0.05001041293144226,0.04089996963739395,0.005098090507090092,0.1447924901185771,40.6352629186206,1.8346571122488495e-10,6.16741006030254,0.013012497312082094,47.0450254492341,6.085587668253042e-11,Transformer
2008,0.08695652173913043,0.03695652173913043,-0.03991568461060524,0.04530758868565253,0.03342503613983382,0.002612283715966144,0.08076086956521739,6.017490956133272,0.014164770587040782,4.215137047765893,0.040064829678867736,10.312362449093172,0.005763667866552731,GARCH
2008,0.10276679841897234,0.05276679841897233,-0.04040273278951645,0.04251864552497864,0.03143445774912834,0.002767615718767047,0.0949901185770751,11.518480494304155,0.0006890769236880362,5.995567377625588,0.014341867731054461,17.62879420803893,0.00014857850235400628,LSTM
