period,breach_rate,coverage_error,cvar,rmse,mae,pinball,brier,kupiec_LR,kupiec_p,christoffersen_ind_LR,christoffersen_ind_p,christoffersen_cc_LR,christoffersen_cc_p,model
1998,0.051587301587301584,0.0015873015873015817,0.003002622863277793,0.8037242889404297,0.6967536211013794,0.04052812233567238,0.04892857142857141,0.013234841157628276,0.9084112138392187,68.02581293904335,1.6136915662019162e-16,68.0426086973876,1.6777809315536955e-15,Transformer
1998,0.05555555555555555,0.00555555555555555,-0.025657132267951965,0.024586304057090037,0.02070056691936047,0.0015512950558875082,0.0525,0.15829757907765749,0.6907287550167276,1.6549717164641156,0.19828360245225035,1.8252335987987733,0.4014722758549073,GARCH
1998,0.0,-0.05,,0.42283937335014343,0.30576571822166443,0.015288286842405796,0.002500000000000001,25.851820320925487,3.686568671972143e-07,-0.0,1.0,25.74923378255039,2.562270211004052e-06,LSTM
