period,breach_rate,coverage_error,cvar,rmse,mae,pinball,brier,kupiec_LR,kupiec_p,christoffersen_ind_LR,christoffersen_ind_p,christoffersen_cc_LR,christoffersen_cc_p,model
2008,0.7075098814229249,0.6575098814229249,-0.005189217161387205,0.05559561401605606,0.04251883551478386,0.032607901841402054,0.6392588932806325,774.2542324907685,2.1368240691279545e-170,78.4643761891461,8.145396705530848e-19,855.0842878949552,2.093177715699922e-186,Transformer
2008,0.08695652173913043,0.03695652173913043,-0.03991568461060524,0.04530758868565253,0.03342503613983382,0.002612283715966144,0.08076086956521739,6.017490956133272,0.014164770587040782,4.215137047765893,0.040064829678867736,10.312362449093172,0.005763667866552731,GARCH
2008,0.07114624505928854,0.02114624505928854,-0.047560177743434906,0.04717469587922096,0.0374838151037693,0.0029475174378603697,0.06653162055335968,2.117703845983834,0.14560469552897173,0.07888839480709525,0.7788095133786618,2.2419171820333053,0.325967175603829,LSTM
