period,breach_rate,coverage_error,cvar,rmse,mae,pinball,brier,kupiec_LR,kupiec_p,christoffersen_ind_LR,christoffersen_ind_p,christoffersen_cc_LR,christoffersen_cc_p,model
2022,0.04780876494023904,-0.0021912350597609598,-0.03392387181520462,0.030157431960105896,0.0268007330596447,0.0017451471649110317,0.04552788844621513,0.025731256563576436,0.8725583866101632,0.28795834574040396,0.5915318505909803,0.30928237092098765,0.8567225268385594,Transformer
2022,0.08764940239043825,0.03764940239043825,-0.028314417228102684,0.027694726213873606,0.023686571282074586,0.0016860107615197751,0.0813844621513944,6.177718997325899,0.012936894760989028,0.6409746097717747,0.4233580970834496,6.8999527067381266,0.03174638706429078,GARCH
2022,0.1593625498007968,0.10936254980079681,-0.023791169747710228,0.020565487444400787,0.016747010871767998,0.002129792235791683,0.1459262948207171,41.12146532772509,1.430565796497639e-10,0.45761907630858,0.49873880819137584,41.82444490272762,8.278224214736823e-10,LSTM
