period,breach_rate,coverage_error,cvar,rmse,mae,pinball,brier,kupiec_LR,kupiec_p,christoffersen_ind_LR,christoffersen_ind_p,christoffersen_cc_LR,christoffersen_cc_p,model
2020,0.7549407114624506,0.7049407114624505,-0.0028836114797741175,0.08310509473085403,0.06818253546953201,0.056160613894462585,0.6819466403162057,868.9681289649595,5.4690022958977467e-191,103.17783249119064,3.0637508691948934e-24,974.8681437412956,2.0420778514013617e-212,Transformer
2020,0.05928853754940711,0.00928853754940711,-0.042718902230262756,0.04084448970091264,0.0303070724666532,0.0025230917209376176,0.05585968379446638,0.43484173965682565,0.5096226936193818,1.1956207848179352,0.2741987023450939,1.6503633564977689,0.4381553819308883,GARCH
2020,0.07905138339920949,0.029051383399209485,-0.045575857162475586,0.036985352635383606,0.031210320070385933,0.0033024055883288383,0.07364624505928853,3.850095134409079,0.0497431691735446,1.225930537828748,0.2681999137853055,5.138481365381995,0.0765936822576646,LSTM
