period,breach_rate,coverage_error,cvar,rmse,mae,pinball,brier,kupiec_LR,kupiec_p,christoffersen_ind_LR,christoffersen_ind_p,christoffersen_cc_LR,christoffersen_cc_p,model
2020,0.233201581027668,0.18320158102766798,-0.02303972654044628,0.025354426354169846,0.01773517206311226,0.004347927402704954,0.21238142292490117,98.58150930306154,3.119181467320922e-23,0.0042839314988125906,0.947814322315921,99.01547503686761,3.1554607628416965e-22,Transformer
2020,0.05928853754940711,0.00928853754940711,-0.042718902230262756,0.04084448970091264,0.0303070724666532,0.0025230917209376176,0.05585968379446638,0.43484173965682565,0.5096226936193818,1.1956207848179352,0.2741987023450939,1.6503633564977689,0.4381553819308883,GARCH
2020,0.1067193675889328,0.0567193675889328,-0.03927246853709221,0.029192019253969193,0.023874575272202492,0.0033744482789188623,0.0985474308300395,13.116040974270092,0.00029277808288650776,1.6592591041501448,0.1977033878170566,14.898896000928922,0.0005817626562935749,LSTM
