period,breach_rate,coverage_error,cvar,rmse,mae,pinball,brier,kupiec_LR,kupiec_p,christoffersen_ind_LR,christoffersen_ind_p,christoffersen_cc_LR,christoffersen_cc_p,model
2022,0.06772908366533864,0.017729083665338638,-0.030932530760765076,0.02671215683221817,0.022946054115891457,0.0017740222392603755,0.06345617529880478,1.5023193153694956,0.2203148419667404,0.59956097648283,0.4387455824793972,2.139847590321658,0.34303465732359195,Transformer
2022,0.08764940239043825,0.03764940239043825,-0.028314417228102684,0.027694726213873606,0.023686571282074586,0.0016860107615197751,0.0813844621513944,6.177718997325899,0.012936894760989028,0.6409746097717747,0.4233580970834496,6.8999527067381266,0.03174638706429078,GARCH
2022,0.1553784860557769,0.10537848605577689,-0.023996399715542793,0.02159104309976101,0.017793748527765274,0.002133508212864399,0.14234063745019918,38.58848757242294,5.23266626160437e-10,0.28299328437273463,0.5947459902118057,39.10736264701963,3.2206542219461126e-09,LSTM
