period,breach_rate,coverage_error,cvar,rmse,mae,pinball,brier,kupiec_LR,kupiec_p,christoffersen_ind_LR,christoffersen_ind_p,christoffersen_cc_LR,christoffersen_cc_p,model
2011,0.011904761904761904,-0.0380952380952381,-0.04375728592276573,0.053129907697439194,0.04931362718343735,0.002546201692894101,0.013214285714285713,10.969410311999859,0.0009262823124654018,0.07258241480941673,0.7876132395985955,10.96340645804276,0.004162234418720928,Transformer
2011,0.0873015873015873,0.037301587301587294,-0.025271780788898468,0.027250216755475763,0.021748620731991592,0.001655786086424536,0.08107142857142856,6.097225401327278,0.013539430301558034,0.6320102174560288,0.426618910364453,6.809729214781927,0.03321131634437292,GARCH
2011,0.1111111111111111,0.0611111111111111,-0.026983138173818588,0.022988269105553627,0.0194759052246809,0.0018694595200940967,0.10249999999999998,14.929026899758052,0.00011163211275287791,0.29209300481663875,0.5888823950157172,15.354596817556558,0.00046322465351594376,LSTM
