period,breach_rate,coverage_error,cvar,rmse,mae,pinball,brier,kupiec_LR,kupiec_p,christoffersen_ind_LR,christoffersen_ind_p,christoffersen_cc_LR,christoffersen_cc_p,model
1987,0.023715415019762844,-0.02628458498023716,-0.06257278472185135,0.25018641352653503,0.23235079646110535,0.012954426929354668,0.023843873517786565,4.531545338930046,0.0332755567613362,25.837427763360218,3.71416016115968e-07,30.314485088384792,2.6139254800102445e-07,Transformer
1987,0.06324110671936758,0.013241106719367582,-0.03437045216560364,0.03704055012900453,0.02619414332076478,0.0022710257831080557,0.059416996047430816,0.8647190070266422,0.35242147172901084,10.376310057693816,0.0012764254305101844,11.269368740349005,0.003571804423328331,GARCH
1987,0.11462450592885376,0.06462450592885376,-0.03265717253088951,0.0260918065905571,0.020155174657702446,0.0027543005999177694,0.10566205533596836,16.55737582590224,4.720004178190022e-05,4.211774706955098,0.040144315989198064,20.91056397460522,2.879577199574711e-05,LSTM
