period,breach_rate,coverage_error,cvar,rmse,mae,pinball,brier,kupiec_LR,kupiec_p,christoffersen_ind_LR,christoffersen_ind_p,christoffersen_cc_LR,christoffersen_cc_p,model
2020,0.02766798418972332,-0.022332015810276683,-0.05467331036925316,0.0632442906498909,0.05664591118693352,0.003346978919580579,0.027401185770750982,3.147329137802431,0.07605134986619665,0.400054438146858,0.5270611440838182,3.501025665735771,0.17368484930781664,Transformer
2020,0.05928853754940711,0.00928853754940711,-0.042718902230262756,0.04084448970091264,0.0303070724666532,0.0025230917209376176,0.05585968379446638,0.43484173965682565,0.5096226936193818,1.1956207848179352,0.2741987023450939,1.6503633564977689,0.4381553819308883,GARCH
2020,0.11067193675889328,0.06067193675889328,-0.03802286460995674,0.034300509840250015,0.02815847098827362,0.003547392785549164,0.10210474308300393,14.796542059096481,0.00011975489264817282,2.843491780374011,0.09174464758566388,17.772518680132062,0.00013827593502113136,LSTM
