period,breach_rate,coverage_error,cvar,rmse,mae,pinball,brier,kupiec_LR,kupiec_p,christoffersen_ind_LR,christoffersen_ind_p,christoffersen_cc_LR,christoffersen_cc_p,model
2020,0.023715415019762844,-0.02628458498023716,-0.0724969431757927,0.15817183256149292,0.14760424196720123,0.007904065772891045,0.023843873517786555,4.531545338930046,0.0332755567613362,2.4446816780167837,0.1179238052182499,6.92173900304136,0.031402445670022344,Transformer
2020,0.05928853754940711,0.00928853754940711,-0.042718902230262756,0.04084448970091264,0.0303070724666532,0.0025230917209376176,0.05585968379446638,0.43484173965682565,0.5096226936193818,1.1956207848179352,0.2741987023450939,1.6503633564977689,0.4381553819308883,GARCH
2020,0.11067193675889328,0.06067193675889328,-0.03875982388854027,0.029041839763522148,0.023496314883232117,0.003362350631505251,0.10210474308300393,14.796542059096481,0.00011975489264817282,1.278912533590065,0.25810132920732176,16.207939433348116,0.00030233656222316613,LSTM
