period,breach_rate,coverage_error,cvar,rmse,mae,pinball,brier,kupiec_LR,kupiec_p,christoffersen_ind_LR,christoffersen_ind_p,christoffersen_cc_LR,christoffersen_cc_p,model
2008,0.0,-0.05,,0.18796655535697937,0.18601948022842407,0.009300974197685719,0.002500000000000001,25.95440690950059,3.4957650949621474e-07,-0.0,1.0,25.85182037132549,2.434156700453849e-06,Transformer
2008,0.08695652173913043,0.03695652173913043,-0.03991568461060524,0.04530758868565253,0.03342503613983382,0.002612283715966144,0.08076086956521739,6.017490956133272,0.014164770587040782,4.215137047765893,0.040064829678867736,10.312362449093172,0.005763667866552731,GARCH
2008,0.06719367588932806,0.01719367588932806,-0.043246038258075714,0.12820012867450714,0.06477852165699005,0.004043992608785629,0.06297430830039524,1.428116625633598,0.23207205222904995,2.461724182890724,0.11665067288581081,3.9266550857839073,0.14039048744985297,LSTM
