period,breach_rate,coverage_error,cvar,rmse,mae,pinball,brier,kupiec_LR,kupiec_p,christoffersen_ind_LR,christoffersen_ind_p,christoffersen_cc_LR,christoffersen_cc_p,model
1998,0.0,-0.05,,0.2260599136352539,0.22508642077445984,0.011254320852458477,0.002500000000000001,25.851820320925487,3.686568671972143e-07,-0.0,1.0,25.74923378255039,2.562270211004052e-06,Transformer
1998,0.05555555555555555,0.00555555555555555,-0.025657132267951965,0.024586304057090037,0.02070056691936047,0.0015512950558875082,0.0525,0.15829757907765749,0.6907287550167276,1.6549717164641156,0.19828360245225035,1.8252335987987733,0.4014722758549073,GARCH
1998,0.023809523809523808,-0.026190476190476195,-0.03881901502609253,0.032880999147892,0.02931247651576996,0.0016958852065727115,0.02392857142857142,4.4770573250245755,0.03435282064483154,2.4375433016875574,0.11846162318032105,6.860306187732615,0.0323819829104451,LSTM
