period,breach_rate,coverage_error,cvar,rmse,mae,pinball,brier,kupiec_LR,kupiec_p,christoffersen_ind_LR,christoffersen_ind_p,christoffersen_cc_LR,christoffersen_cc_p,model
1987,0.0,-0.05,,0.4984689950942993,0.48225489258766174,0.024112746119499207,0.002500000000000001,25.95440690950059,3.4957650949621474e-07,-0.0,1.0,25.85182037132549,2.434156700453849e-06,Transformer
1987,0.06324110671936758,0.013241106719367582,-0.03437045216560364,0.03704055012900453,0.02619414332076478,0.0022710257831080557,0.059416996047430816,0.8647190070266422,0.35242147172901084,10.376310057693816,0.0012764254305101844,11.269368740349005,0.003571804423328331,GARCH
1987,0.09881422924901186,0.04881422924901185,-0.03489987179636955,0.02876608818769455,0.022801250219345093,0.002716328948736191,0.09143280632411065,10.006672668932408,0.0015597406399109888,2.5886031663467124,0.10763522207435763,12.701211570203736,0.0017456893033113126,LSTM
