period,breach_rate,coverage_error,cvar,rmse,mae,pinball,brier,kupiec_LR,kupiec_p,christoffersen_ind_LR,christoffersen_ind_p,christoffersen_cc_LR,christoffersen_cc_p,model
1987,0.6284584980237155,0.5784584980237154,-0.0004518651694525033,0.32809552550315857,0.24961230158805847,0.1812441647052765,0.5681126482213439,628.4418764116978,1.0906856624964353e-138,219.8178209972981,9.91109297055372e-50,850.1440186703335,2.4749813700299278e-185,Transformer
1987,0.06324110671936758,0.013241106719367582,-0.03437045216560364,0.03704055012900453,0.02619414332076478,0.0022710257831080557,0.059416996047430816,0.8647190070266422,0.35242147172901084,10.376310057693816,0.0012764254305101844,11.269368740349005,0.003571804423328331,GARCH
1987,0.023715415019762844,-0.02628458498023716,-0.07246733456850052,0.06762485206127167,0.05434061214327812,0.0036545656621456146,0.023843873517786565,4.531545338930046,0.0332755567613362,2.4446816780167837,0.1179238052182499,6.92173900304136,0.031402445670022344,LSTM
