period,breach_rate,coverage_error,cvar,rmse,mae,pinball,brier,kupiec_LR,kupiec_p,christoffersen_ind_LR,christoffersen_ind_p,christoffersen_cc_LR,christoffersen_cc_p,model
2020,0.6600790513833992,0.6100790513833991,-0.004229641519486904,0.042907554656267166,0.03374207392334938,0.019923022016882896,0.5965711462450594,685.059613008366,5.304437937895549e-151,54.536076056594005,1.5262018898639193e-13,741.6589023143032,8.929263421428353e-162,Transformer
2020,0.05928853754940711,0.00928853754940711,-0.042718902230262756,0.04084448970091264,0.0303070724666532,0.0025230917209376176,0.05585968379446638,0.43484173965682565,0.5096226936193818,1.1956207848179352,0.2741987023450939,1.6503633564977689,0.4381553819308883,GARCH
2020,0.08300395256916997,0.033003952569169964,-0.04486628249287605,0.036785125732421875,0.03104802407324314,0.003321082564070821,0.07720355731225295,4.881845626517456,0.027140584020631495,0.9073137076002075,0.3408281772129884,5.8602357436112085,0.053390744510825316,LSTM
