period,breach_rate,coverage_error,cvar,rmse,mae,pinball,brier,kupiec_LR,kupiec_p,christoffersen_ind_LR,christoffersen_ind_p,christoffersen_cc_LR,christoffersen_cc_p,model
2008,0.0,-0.05,,0.2098093032836914,0.20741869509220123,0.010370935313403606,0.002500000000000001,25.95440690950059,3.4957650949621474e-07,-0.0,1.0,25.85182037132549,2.434156700453849e-06,Transformer
2008,0.08695652173913043,0.03695652173913043,-0.03991568461060524,0.04530758868565253,0.03342503613983382,0.002612283715966144,0.08076086956521739,6.017490956133272,0.014164770587040782,4.215137047765893,0.040064829678867736,10.312362449093172,0.005763667866552731,GARCH
2008,0.10276679841897234,0.05276679841897233,-0.044858869165182114,0.050993386656045914,0.03726184368133545,0.003517882665619254,0.09499011857707507,11.518480494304155,0.0006890769236880362,0.045349897832832005,0.8313619418239463,11.678576728246174,0.002910913399316373,LSTM
