period,breach_rate,coverage_error,cvar,rmse,mae,pinball,brier,kupiec_LR,kupiec_p,christoffersen_ind_LR,christoffersen_ind_p,christoffersen_cc_LR,christoffersen_cc_p,model
2020,0.03557312252964427,-0.014426877470355731,-0.06469237804412842,0.05131325125694275,0.047765836119651794,0.003216370241716504,0.034515810276679826,1.2273636241057346,0.26792036371747574,1.0237733761498222,0.31162562283204004,2.2211391222724,0.32937131054317204,Transformer
2020,0.05928853754940711,0.00928853754940711,-0.042718902230262756,0.04084448970091264,0.0303070724666532,0.0025230917209376176,0.05585968379446638,0.43484173965682565,0.5096226936193818,1.1956207848179352,0.2741987023450939,1.6503633564977689,0.4381553819308883,GARCH
2020,0.08300395256916997,0.033003952569169964,-0.04486628249287605,0.036785125732421875,0.03104802407324314,0.003321082564070821,0.07720355731225295,4.881845626517456,0.027140584020631495,0.9073137076002075,0.3408281772129884,5.8602357436112085,0.053390744510825316,LSTM
