period,breach_rate,coverage_error,cvar,rmse,mae,pinball,brier,kupiec_LR,kupiec_p,christoffersen_ind_LR,christoffersen_ind_p,christoffersen_cc_LR,christoffersen_cc_p,model
2011,0.011904761904761904,-0.0380952380952381,-0.02990819700062275,0.054478444159030914,0.051246050745248795,0.0026368023827672005,0.013214285714285713,10.969410311999859,0.0009262823124654018,5.441004907677939,0.019669349978219012,16.331828950911284,0.00028417665871608843,Transformer
2011,0.0873015873015873,0.037301587301587294,-0.025271780788898468,0.027250216755475763,0.021748620731991592,0.001655786086424536,0.08107142857142856,6.097225401327278,0.013539430301558034,0.6320102174560288,0.426618910364453,6.809729214781927,0.03321131634437292,GARCH
2011,0.13095238095238096,0.08095238095238096,-0.025461286306381226,0.02102908305823803,0.017640400677919388,0.0020399847999215126,0.12035714285714282,24.535449606968278,7.295517417195682e-07,0.035725438429446754,0.8500836142673752,24.749902834639897,4.223056439473656e-06,LSTM
