period,breach_rate,coverage_error,cvar,rmse,mae,pinball,brier,kupiec_LR,kupiec_p,christoffersen_ind_LR,christoffersen_ind_p,christoffersen_cc_LR,christoffersen_cc_p,model
2020,0.10276679841897234,0.05276679841897233,-0.04004918038845062,0.028597183525562286,0.022342277690768242,0.003155329031869769,0.09499011857707508,11.518480494304155,0.0006890769236880362,0.045349897832832005,0.8313619418239463,11.678576728246174,0.002910913399316373,Transformer
2020,0.05928853754940711,0.00928853754940711,-0.042718902230262756,0.04084448970091264,0.0303070724666532,0.0025230917209376176,0.05585968379446638,0.43484173965682565,0.5096226936193818,1.1956207848179352,0.2741987023450939,1.6503633564977689,0.4381553819308883,GARCH
2020,0.1067193675889328,0.0567193675889328,-0.03915272653102875,0.030963638797402382,0.02499178610742092,0.0033663620706647635,0.0985474308300395,13.116040974270092,0.00029277808288650776,1.6592591041501448,0.1977033878170566,14.898896000928922,0.0005817626562935749,LSTM
