period,breach_rate,coverage_error,cvar,rmse,mae,pinball,brier,kupiec_LR,kupiec_p,christoffersen_ind_LR,christoffersen_ind_p,christoffersen_cc_LR,christoffersen_cc_p,model
2001,0.36693548387096775,0.31693548387096776,-0.005568251479417086,0.03590390458703041,0.027786152437329292,0.010552404448390007,0.33274193548387093,235.3063231921215,4.1512410965352484e-53,83.06391891788357,7.944258035344726e-20,319.1843667073272,4.89773648190347e-70,Transformer
2001,0.06854838709677419,0.018548387096774185,-0.025322625413537025,0.025502293105122375,0.021490695736896104,0.0014784979931711589,0.06419354838709675,1.6179771690328366,0.20337407330715407,0.7002532229904875,0.4026986207372698,1.7431710622874736,0.41828781484342215,GARCH
2001,0.004032258064516129,-0.04596774193548388,-0.028031939640641212,0.4712969660758972,0.4208773672580719,0.021046018227934837,0.006129032258064515,18.307532170947546,1.879625259770693e-05,-0.0,1.0,25.338887427449986,3.145795641229335e-06,LSTM
