period,breach_rate,coverage_error,cvar,rmse,mae,pinball,brier,kupiec_LR,kupiec_p,christoffersen_ind_LR,christoffersen_ind_p,christoffersen_cc_LR,christoffersen_cc_p,model
2020,0.03162055335968379,-0.01837944664031621,-0.06624956429004669,0.044322460889816284,0.04004816710948944,0.002715076319873333,0.030958498023715406,2.057937164431977,0.15141502727682693,1.399933957438541,0.23673462862579656,3.4196764996296194,0.180895050058707,Transformer
2020,0.05928853754940711,0.00928853754940711,-0.042718902230262756,0.04084448970091264,0.0303070724666532,0.0025230917209376176,0.05585968379446638,0.43484173965682565,0.5096226936193818,1.1956207848179352,0.2741987023450939,1.6503633564977689,0.4381553819308883,GARCH
2020,0.09486166007905138,0.044861660079051374,-0.04158904775977135,0.034038566052913666,0.028021806851029396,0.0033090964425355196,0.08787549407114623,8.583658148507634,0.0033919325042969743,0.25301769854358996,0.6149581929961847,8.933839624027256,0.011482630094599352,LSTM
