period,breach_rate,coverage_error,cvar,rmse,mae,pinball,brier,kupiec_LR,kupiec_p,christoffersen_ind_LR,christoffersen_ind_p,christoffersen_cc_LR,christoffersen_cc_p,model
2015,0.023809523809523808,-0.026190476190476195,-0.021532190963625908,0.03275761753320694,0.029560452327132225,0.0016030980041250587,0.023928571428571424,4.4770573250245755,0.03435282064483154,2.4375433016875574,0.11846162318032105,6.860306187732615,0.0323819829104451,Transformer
2015,0.07539682539682539,0.02539682539682539,-0.018854843452572823,0.018603151420798592,0.015674388035093405,0.0011248325950111964,0.07035714285714284,2.9808420438341012,0.08425542783866861,0.2331803341278893,0.6291756203354034,3.2685415423400395,0.1950945880367771,GARCH
2015,0.003968253968253968,-0.046031746031746035,-0.020866194739937782,0.3624002933502197,0.189765065908432,0.009499603882431984,0.0060714285714285705,18.685813668056543,1.5412491730805425e-05,0.008000021133466461,0.9287299806793413,18.599195248984444,9.14610257517984e-05,LSTM
