period,breach_rate,coverage_error,cvar,rmse,mae,pinball,brier,kupiec_LR,kupiec_p,christoffersen_ind_LR,christoffersen_ind_p,christoffersen_cc_LR,christoffersen_cc_p,model
2022,0.05976095617529881,0.009760956175298804,-0.032218657433986664,0.028099501505494118,0.02450990118086338,0.0016703199362382293,0.05628486055776892,0.47514571854237403,0.49062937350917923,1.1757764310129961,0.27821751053997856,1.6718317494792667,0.4334772886724476,Transformer
2022,0.08764940239043825,0.03764940239043825,-0.028314417228102684,0.027694726213873606,0.023686571282074586,0.0016860107615197751,0.0813844621513944,6.177718997325899,0.012936894760989028,0.6409746097717747,0.4233580970834496,6.8999527067381266,0.03174638706429078,GARCH
2022,0.10358565737051793,0.05358565737051793,-0.02747979387640953,0.024484066292643547,0.020841896533966064,0.00185186427552253,0.09572709163346613,11.748886224155898,0.0006087965817820951,0.03927115201226134,0.8429124471817484,11.90473753949416,0.002599675187230605,LSTM
