period,breach_rate,coverage_error,cvar,rmse,mae,pinball,brier,kupiec_LR,kupiec_p,christoffersen_ind_LR,christoffersen_ind_p,christoffersen_cc_LR,christoffersen_cc_p,model
2008,0.6877470355731226,0.6377470355731225,-0.007941065356135368,0.050382304936647415,0.037819504737854004,0.03045223094522953,0.6214723320158103,736.4480952303421,3.549026810277065e-162,28.695741555637763,8.468975769165408e-08,767.3778876613595,2.3227845413764207e-167,Transformer
2008,0.08695652173913043,0.03695652173913043,-0.03991568461060524,0.04530758868565253,0.03342503613983382,0.002612283715966144,0.08076086956521739,6.017490956133272,0.014164770587040782,4.215137047765893,0.040064829678867736,10.312362449093172,0.005763667866552731,GARCH
2008,0.10276679841897234,0.05276679841897233,-0.040943317115306854,0.04309244826436043,0.031570933759212494,0.0028690726030617952,0.09499011857707508,11.518480494304155,0.0006890769236880362,1.6427363359452698,0.1999504450288371,13.275963166358611,0.0013096680338213656,LSTM
