period,breach_rate,coverage_error,cvar,rmse,mae,pinball,brier,kupiec_LR,kupiec_p,christoffersen_ind_LR,christoffersen_ind_p,christoffersen_cc_LR,christoffersen_cc_p,model
2011,0.0,-0.05,,0.2290770560503006,0.2279691845178604,0.01139845885336399,0.002500000000000001,25.851820320925487,3.686568671972143e-07,-0.0,1.0,25.74923378255039,2.562270211004052e-06,Transformer
2011,0.0873015873015873,0.037301587301587294,-0.025271780788898468,0.027250216755475763,0.021748620731991592,0.001655786086424536,0.08107142857142856,6.097225401327278,0.013539430301558034,0.6320102174560288,0.426618910364453,6.809729214781927,0.03321131634437292,GARCH
2011,0.10317460317460317,0.053174603174603166,-0.027652572840452194,0.023289501667022705,0.01991036906838417,0.0019273441284894943,0.09535714285714283,11.633226830413342,0.0006478407004301447,0.7086917813998624,0.39987845113212483,12.45757800555576,0.0019718383421134062,LSTM
