period,breach_rate,coverage_error,cvar,rmse,mae,pinball,brier,kupiec_LR,kupiec_p,christoffersen_ind_LR,christoffersen_ind_p,christoffersen_cc_LR,christoffersen_cc_p,model
2022,0.0796812749003984,0.029681274900398402,-0.02964330092072487,0.02695421501994133,0.022980788722634315,0.0016367753269150853,0.07421314741035856,3.975690708280729,0.046161517602919366,0.3004075810137181,0.5836270168665396,4.339928057152938,0.11418172411612268,Transformer
2022,0.08764940239043825,0.03764940239043825,-0.028314417228102684,0.027694726213873606,0.023686571282074586,0.0016860107615197751,0.0813844621513944,6.177718997325899,0.012936894760989028,0.6409746097717747,0.4233580970834496,6.8999527067381266,0.03174638706429078,GARCH
2022,0.09163346613545817,0.041633466135458166,-0.028442712500691414,0.026021642610430717,0.02242577262222767,0.0017881421372294426,0.08497011952191233,7.430392116017,0.006413136597597972,0.40621122071852894,0.5238988314340365,7.926634394324572,0.01899998295042245,LSTM
