period,breach_rate,coverage_error,cvar,rmse,mae,pinball,brier,kupiec_LR,kupiec_p,christoffersen_ind_LR,christoffersen_ind_p,christoffersen_cc_LR,christoffersen_cc_p,model
2022,0.199203187250996,0.14920318725099602,-0.01909339614212513,0.021182073280215263,0.01708277314901352,0.002634236589074135,0.1817828685258964,69.54662983760194,7.462916496868076e-17,0.6040330956797425,0.43704334170672654,70.49336643700515,4.926743732900123e-16,Transformer
2022,0.08764940239043825,0.03764940239043825,-0.028314417228102684,0.027694726213873606,0.023686571282074586,0.0016860107615197751,0.0813844621513944,6.177718997325899,0.012936894760989028,0.6409746097717747,0.4233580970834496,6.8999527067381266,0.03174638706429078,GARCH
2022,0.11553784860557768,0.06553784860557768,-0.026678606867790222,0.023744314908981323,0.02009526453912258,0.0019139752257615328,0.10648406374501991,16.841234820555982,4.064059115018716e-05,0.05185603710276537,0.8198645399045176,17.036577301470626,0.00019978102809548937,LSTM
