period,breach_rate,coverage_error,cvar,rmse,mae,pinball,brier,kupiec_LR,kupiec_p,christoffersen_ind_LR,christoffersen_ind_p,christoffersen_cc_LR,christoffersen_cc_p,model
2022,0.21912350597609562,0.1691235059760956,-0.009252503514289856,0.03811509162187576,0.03251321241259575,0.004131177440285683,0.19971115537848605,85.68774284063787,2.1071499012257155e-20,75.92826369021397,2.9415936526713536e-18,162.00921787660755,6.609145749841508e-36,Transformer
2022,0.08764940239043825,0.03764940239043825,-0.028314417228102684,0.027694726213873606,0.023686571282074586,0.0016860107615197751,0.0813844621513944,6.177718997325899,0.012936894760989028,0.6409746097717747,0.4233580970834496,6.8999527067381266,0.03174638706429078,GARCH
2022,0.13147410358565736,0.08147410358565736,-0.024150779470801353,0.026294274255633354,0.02139250747859478,0.001956021413207054,0.1208266932270916,24.71417739621045,6.649324320720825e-07,2.0053226441377427,0.15674794040873896,26.89943402512202,1.441657575094858e-06,LSTM
