period,breach_rate,coverage_error,cvar,rmse,mae,pinball,brier,kupiec_LR,kupiec_p,christoffersen_ind_LR,christoffersen_ind_p,christoffersen_cc_LR,christoffersen_cc_p,model
1998,0.0,-0.05,,0.15045182406902313,0.14601710438728333,0.007300855591893196,0.002500000000000001,25.851820320925487,3.686568671972143e-07,-0.0,1.0,25.74923378255039,2.562270211004052e-06,Transformer
1998,0.05555555555555555,0.00555555555555555,-0.025657132267951965,0.024586304057090037,0.02070056691936047,0.0015512950558875082,0.0525,0.15829757907765749,0.6907287550167276,1.6549717164641156,0.19828360245225035,1.8252335987987733,0.4014722758549073,GARCH
1998,0.003968253968253968,-0.046031746031746035,-0.029663706198334694,0.10458958894014359,0.08454445004463196,0.004253576509654522,0.006071428571428569,18.685813668056543,1.5412491730805425e-05,0.008000021133466461,0.9287299806793413,18.599195248984444,9.14610257517984e-05,LSTM
