period,breach_rate,coverage_error,cvar,rmse,mae,pinball,brier,kupiec_LR,kupiec_p,christoffersen_ind_LR,christoffersen_ind_p,christoffersen_cc_LR,christoffersen_cc_p,model
2022,0.10756972111553785,0.05756972111553785,-0.026293549686670303,0.02450292557477951,0.020246028900146484,0.0018713606987148523,0.09931274900398404,13.364185208674277,0.00025647531474031214,2.0071663372313444,0.1565575012069779,15.496860310317942,0.0004314192705723904,Transformer
2022,0.08764940239043825,0.03764940239043825,-0.028314417228102684,0.027694726213873606,0.023686571282074586,0.0016860107615197751,0.0813844621513944,6.177718997325899,0.012936894760989028,0.6409746097717747,0.4233580970834496,6.8999527067381266,0.03174638706429078,GARCH
2022,0.1593625498007968,0.10936254980079681,-0.023773157969117165,0.02104387804865837,0.017257099971175194,0.0022067225072532892,0.1459262948207171,41.12146532772509,1.430565796497639e-10,0.03593170218377578,0.8496566036924829,41.40275752860281,1.022128351701578e-09,LSTM
