period,breach_rate,coverage_error,cvar,rmse,mae,pinball,brier,kupiec_LR,kupiec_p,christoffersen_ind_LR,christoffersen_ind_p,christoffersen_cc_LR,christoffersen_cc_p,model
2020,0.019762845849802372,-0.03023715415019763,-0.07407345622777939,0.08643515408039093,0.07962478697299957,0.004371965304017067,0.02028656126482213,6.2587526778119225,0.012358118320105084,0.20244297615212942,0.6527561302987333,6.398610451946396,0.040790534339425484,Transformer
2020,0.05928853754940711,0.00928853754940711,-0.042718902230262756,0.04084448970091264,0.0303070724666532,0.0025230917209376176,0.05585968379446638,0.43484173965682565,0.5096226936193818,1.1956207848179352,0.2741987023450939,1.6503633564977689,0.4381553819308883,GARCH
2020,0.11067193675889328,0.06067193675889328,-0.03875982388854027,0.029435425996780396,0.02388862520456314,0.003252462251111865,0.10210474308300393,14.796542059096481,0.00011975489264817282,1.278912533590065,0.25810132920732176,16.207939433348116,0.00030233656222316613,LSTM
