period,breach_rate,coverage_error,cvar,rmse,mae,pinball,brier,kupiec_LR,kupiec_p,christoffersen_ind_LR,christoffersen_ind_p,christoffersen_cc_LR,christoffersen_cc_p,model
2008,0.043478260869565216,-0.006521739130434787,-0.056417178362607956,0.127790629863739,0.11781641095876694,0.007184191606938839,0.04163043478260869,0.23653866703742477,0.626717325817737,7.298346645017481,0.006901809167199273,7.521382396307195,0.023267652257220155,Transformer
2008,0.08695652173913043,0.03695652173913043,-0.03991568461060524,0.04530758868565253,0.03342503613983382,0.002612283715966144,0.08076086956521739,6.017490956133272,0.014164770587040782,4.215137047765893,0.040064829678867736,10.312362449093172,0.005763667866552731,GARCH
2008,0.07509881422924901,0.025098814229249006,-0.04232006147503853,0.0653860792517662,0.04554823040962219,0.003434849437326193,0.07008893280632408,2.926970068029087,0.08711083873833211,0.16817762929378696,0.6817365105630426,3.149019673127888,0.20710904508636535,LSTM
