period,breach_rate,coverage_error,cvar,rmse,mae,pinball,brier,kupiec_LR,kupiec_p,christoffersen_ind_LR,christoffersen_ind_p,christoffersen_cc_LR,christoffersen_cc_p,model
2001,0.024193548387096774,-0.02580645161290323,-0.017110642045736313,0.20628634095191956,0.1851707249879837,0.009814190678298473,0.024274193548387085,4.2610567589641,0.0389956557575136,25.676477304456803,4.037181105628619e-07,29.884029760915702,3.241644525069969e-07,Transformer
2001,0.06854838709677419,0.018548387096774185,-0.025322625413537025,0.025502293105122375,0.021490695736896104,0.0014784979931711589,0.06419354838709675,1.6179771690328366,0.20337407330715407,0.7002532229904875,0.4026986207372698,1.7431710622874736,0.41828781484342215,GARCH
2001,0.008064516129032258,-0.041935483870967745,-0.02713715098798275,0.48130977153778076,0.41939735412597656,0.020983682945370674,0.009758064516129027,13.954276236021975,0.00018731109281022558,0.01629339126451854,0.8984294672917086,18.22933616154913,0.00011003983946642927,LSTM
