period,breach_rate,coverage_error,cvar,rmse,mae,pinball,brier,kupiec_LR,kupiec_p,christoffersen_ind_LR,christoffersen_ind_p,christoffersen_cc_LR,christoffersen_cc_p,model
1987,0.003952569169960474,-0.04604743083003953,-0.2046693116426468,0.21845366060733795,0.21361525356769562,0.010725326836109161,0.006057312252964426,18.780463728065595,1.4666177877982488e-05,0.007968148369535775,0.9288717178366275,18.69378181642608,8.723622332411924e-05,Transformer
1987,0.06324110671936758,0.013241106719367582,-0.03437045216560364,0.03704055012900453,0.02619414332076478,0.0022710257831080557,0.059416996047430816,0.8647190070266422,0.35242147172901084,10.376310057693816,0.0012764254305101844,11.269368740349005,0.003571804423328331,GARCH
1987,0.023715415019762844,-0.02628458498023716,-0.07246733456850052,0.06762485206127167,0.05434061214327812,0.0036545656621456146,0.023843873517786565,4.531545338930046,0.0332755567613362,2.4446816780167837,0.1179238052182499,6.92173900304136,0.031402445670022344,LSTM
