period,breach_rate,coverage_error,cvar,rmse,mae,pinball,brier,kupiec_LR,kupiec_p,christoffersen_ind_LR,christoffersen_ind_p,christoffersen_cc_LR,christoffersen_cc_p,model
2011,0.003968253968253968,-0.046031746031746035,-0.06663446128368378,0.06894547492265701,0.061645977199077606,0.0031097428873181343,0.006071428571428572,18.685813668056543,1.5412491730805425e-05,0.008000021133466461,0.9287299806793413,18.599195248984444,9.14610257517984e-05,Transformer
2011,0.0873015873015873,0.037301587301587294,-0.025271780788898468,0.027250216755475763,0.021748620731991592,0.001655786086424536,0.08107142857142856,6.097225401327278,0.013539430301558034,0.6320102174560288,0.426618910364453,6.809729214781927,0.03321131634437292,GARCH
2011,0.13095238095238096,0.08095238095238096,-0.025461286306381226,0.02102908305823803,0.017640400677919388,0.0020399847999215126,0.12035714285714282,24.535449606968278,7.295517417195682e-07,0.035725438429446754,0.8500836142673752,24.749902834639897,4.223056439473656e-06,LSTM
