period,breach_rate,coverage_error,cvar,rmse,mae,pinball,brier,kupiec_LR,kupiec_p,christoffersen_ind_LR,christoffersen_ind_p,christoffersen_cc_LR,christoffersen_cc_p,model
1987,0.003952569169960474,-0.04604743083003953,-0.2046693116426468,0.20029087364673615,0.1976688951253891,0.009945123456418514,0.006057312252964426,18.780463728065595,1.4666177877982488e-05,0.007968148369535775,0.9288717178366275,18.69378181642608,8.723622332411924e-05,Transformer
1987,0.06324110671936758,0.013241106719367582,-0.03437045216560364,0.03704055012900453,0.02619414332076478,0.0022710257831080557,0.059416996047430816,0.8647190070266422,0.35242147172901084,10.376310057693816,0.0012764254305101844,11.269368740349005,0.003571804423328331,GARCH
1987,0.09486166007905138,0.044861660079051374,-0.036005958914756775,0.027612999081611633,0.022044410929083824,0.0026379041373729706,0.08787549407114623,8.583658148507634,0.0033919325042969743,1.340656714931243,0.24691818842374344,10.021478640414907,0.006665973195328869,LSTM
